id,sequence,structure,base_pairs,len,fam
srp_Neph.oliv._AF137379,GGUAUAGUUUUAUUAAAACUUAAGAUAGACUUACUAUGUCAGAAUCGUAAGAUAGCAGCAUAAAGAUCUCAUUUUUAGUUAGUAUUAAAGCUAUACCUAAA,((((((((((((....((((.((((.(((((...(((((....(((....)))....))))).)).)))..)))).)))).....))))))))))))....,"[[1, 97], [2, 96], [3, 95], [4, 94], [5, 93], [6, 92], [7, 91], [8, 90], [9, 89], [10, 88], [11, 87], [12, 86], [17, 80], [18, 79], [19, 78], [20, 77], [22, 75], [23, 74], [24, 73], [25, 72], [27, 69], [28, 68], [29, 67], [30, 65], [31, 64], [35, 62], [36, 61], [37, 60], [38, 59], [39, 58], [44, 53], [45, 52], [46, 51]]",101,srp
tRNA_tdbR00000030-Aedes_albopictus-7160-Asp-GUC,AAAAAAUUAGUUUAAUCAAAAACCUUAGUAUGUCAAACUAAAAAAAUUAGAUCAUCUAAUAUUUUUUACCA,(((((((..((((......)))).(((((.......)))))....(((((.....))))))))))))....,"[[1, 67], [2, 66], [3, 65], [4, 64], [5, 63], [6, 62], [7, 61], [10, 23], [11, 22], [12, 21], [13, 20], [25, 41], [26, 40], [27, 39], [28, 38], [29, 37], [46, 60], [47, 59], [48, 58], [49, 57], [50, 56]]",71,tRNA
srp_Phyt.infe._CV911012,GGAAAGGUAUACCGCCCCAGGCUGGUAAACAGAGCAGGGAAAAGCCCUCGCUCUUGGUAGUGGGAGGAUCUCGUAUCAGAAUUCUGAUGUG,...(.(((......(((....(((.....)))....)))....))).)...........................................,"[[4, 48], [6, 46], [7, 45], [8, 44], [15, 39], [16, 38], [17, 37], [22, 32], [23, 31], [24, 30]]",91,srp
srp_Toxo.gond._CO743022,GGUGAGCGUAACGUCUCGCUGUCACCUGAGUGGGGGUCGUCCGUUGGUGGCAGGAGAAUCGCGCUU,(((.((((..(..)..))))....((((..)))).)))............................,"[[1, 38], [2, 37], [3, 36], [5, 20], [6, 19], [7, 18], [8, 17], [11, 14], [25, 34], [26, 33], [27, 32], [28, 31]]",66,srp
tRNA_tdbR00000236-Neurospora_crassa-5141-Leu-UAG,AUAGGUGUGCUGGAAUUGGUAGACAGGUUCCGUUUAGGCCGGAAUGGUUUAAAAACUGUACAAGUUCAAGUCUUGUCAUCUAUACCA,(((((((..(((...........)))((((((.......))))))..............(((((.......))))))))))))....,"[[1, 83], [2, 82], [3, 81], [4, 80], [5, 79], [6, 78], [7, 77], [10, 26], [11, 25], [12, 24], [27, 45], [28, 44], [29, 43], [30, 42], [31, 41], [32, 40], [60, 76], [61, 75], [62, 74], [63, 73], [64, 72]]",87,tRNA
tRNA_tdbR00000224-Rhodospirillum_rubrum-1085-Leu-CAA,GCCUUUGUAGCGGAAUGGUAACGCGGCAGACUCAAAAUCUGCUUUGGUAACCCAGGUGGUAGUUCGACUCUCCCCAAAGGCACCA,(((((((..(((.........)))((((((.......))))))..............((.((.......)).)))))))))....,"[[1, 81], [2, 80], [3, 79], [4, 78], [5, 77], [6, 76], [7, 75], [10, 24], [11, 23], [12, 22], [25, 43], [26, 42], [27, 41], [28, 40], [29, 39], [30, 38], [58, 74], [59, 73], [61, 71], [62, 70]]",85,tRNA
tRNA_tdbR00000044-Mycoplasma_capricolum-2095-Glu-UC,GGCCUGUUGGUGAAGCGGUUAACACACACGGUUUUCAUCCGUGGACACACGGGUUCGAACCCCGUACAGGCUACCA,(((((((..(((..........))).(((((.......))))).....(((((.......))))))))))))....,"[[1, 72], [2, 71], [3, 70], [4, 69], [5, 68], [6, 67], [7, 66], [10, 25], [11, 24], [12, 23], [27, 43], [28, 42], [29, 41], [30, 40], [31, 39], [49, 65], [50, 64], [51, 63], [52, 62], [53, 61]]",76,tRNA
tRNA_tdbR00000574-Leishmania_tarentolae-5689-Trp-CCA,GGGGGCUUAGCUCAGUGGUAGAGCAUUGGAUUCCAAAUCCAGGGGUCGUAGGUUCAAUCCCUGCAGCUCUCA,(((((((..((((.......)))).(((((.......))))).....(((((.......)))))))))))).,"[[1, 71], [2, 70], [3, 69], [4, 68], [5, 67], [6, 66], [7, 65], [10, 24], [11, 23], [12, 22], [13, 21], [26, 42], [27, 41], [28, 40], [29, 39], [30, 38], [48, 64], [49, 63], [50, 62], [51, 61], [52, 60]]",72,tRNA
tRNA_tdbR00000384-Mycoplasma_capricolum-2095-Ser-GCU,GGGUUAAUACUCAAGUUGGUGAAGAGGACACCCUGCUAAGGUGUUAGGUCGGUCUCCGGCGCGAGGGUUCGAGUCCCUCUUAACCCGCCA,(((((((..(((...........)))((((((.......)))))).................(((((.......))))))))))))....,"[[1, 86], [2, 85], [3, 84], [4, 83], [5, 82], [6, 81], [7, 80], [10, 26], [11, 25], [12, 24], [27, 45], [28, 44], [29, 43], [30, 42], [31, 41], [32, 40], [63, 79], [64, 78], [65, 77], [66, 76], [67, 75]]",90,tRNA
tRNA_tdbR00000548-Scenedesmus_obliquus-3088-Tyr-GUA,GGGCCGAUGCCGAAGUUGGUUAAUGGGGCGGAUUGUAAAUCCGCUGGUUACGCCUACGUUGGUUCGAAUCCGACUCGGCCCACCA,(((((((..(((...........)))((((((.......))))))............(((((.......))))))))))))....,"[[1, 81], [2, 80], [3, 79], [4, 78], [5, 77], [6, 76], [7, 75], [10, 26], [11, 25], [12, 24], [27, 45], [28, 44], [29, 43], [30, 42], [31, 41], [32, 40], [58, 74], [59, 73], [60, 72], [61, 71], [62, 70]]",85,tRNA
5s_Stilbum-vulgare-1,AGAUUGCACCACACUAAGCGACAAACACUGCGUCCCGUCCGAUCCGCAAAGUCAAAUCGCUUAAGGCUCCGUCAGUACCGAAGUGGGGGACCAUUCGGGAAUCCGGAGUGUGUAAUUU,(((((((((....((((((((.....((((((............))))..))....)))))).)).(((((......(((((.(((....)))))))).....))))).))))))))),"[[1, 118], [2, 117], [3, 116], [4, 115], [5, 114], [6, 113], [7, 112], [8, 111], [9, 110], [14, 65], [15, 64], [16, 62], [17, 61], [18, 60], [19, 59], [20, 58], [21, 57], [27, 52], [28, 51], [29, 48], [30, 47], [31, 46], [32, 45], [67, 108], [68, 107], [69, 106], [70, 105], [71, 104], [78, 98], [79, 97], [80, 96], [81, 95], [82, 94], [84, 93], [85, 92], [86, 91]]",118,5s
tRNA_tdbR00000052-Aedes_albopictus-7160-Glu-NUC,AUUUAUAUAGUUUAAAUAAAACAUUACAUUUUCACUGUAAAAAUAAAAAUUUAUUUUUUAUAAAUACCA,(((((((..((((.....)))).(((((.......)))))....((((......)))))))))))....,"[[1, 65], [2, 64], [3, 63], [4, 62], [5, 61], [6, 60], [7, 59], [10, 22], [11, 21], [12, 20], [13, 19], [24, 40], [25, 39], [26, 38], [27, 37], [28, 36], [45, 58], [46, 57], [47, 56], [48, 55]]",69,tRNA
tRNA_tdbR00000427-Gallus_gallus-9031-Ser-UGA,AAGAAAGAAGCAUUAAGUGGUUUGAUGCGGUUGGCUUGAAACCAACAUGUGAGGGUUCGAUUCCUUCCUUUCUUGCCA,(((((((..((((...........)))).(((((.......)))))....(((((.......))))))))))))....,"[[1, 74], [2, 73], [3, 72], [4, 71], [5, 70], [6, 69], [7, 68], [10, 28], [11, 27], [12, 26], [13, 25], [30, 46], [31, 45], [32, 44], [33, 43], [34, 42], [51, 67], [52, 66], [53, 65], [54, 64], [55, 63]]",78,tRNA
tRNA_tdbR00000590-Ascaris_suum-6253-Glu-UC,GAGAUAUUAGUAUAAAUUUUUUGUAUAUUUCUUUUUCGAAGAAAAGGUUUAUUAUCUUACCA,((((((...((((.........)))).(((((.......)))))........))))))....,"[[1, 58], [2, 57], [3, 56], [4, 55], [5, 54], [6, 53], [10, 26], [11, 25], [12, 24], [13, 23], [28, 44], [29, 43], [30, 42], [31, 41], [32, 40]]",62,tRNA
tRNA_tdbR00000184-Asterias_amurensis-7602-Lys-CUU,CUUUGAUAAGCUUAUAAUGGCAAGCAUUAAACUCUUAAUUUAAAUCAAAGUGAUCUCACCACACUAUCAAAGACCA,(((((((..((((........)))).(((((.......))))).....((((.........)))))))))))....,"[[1, 72], [2, 71], [3, 70], [4, 69], [5, 68], [6, 67], [7, 66], [10, 25], [11, 24], [12, 23], [13, 22], [27, 43], [28, 42], [29, 41], [30, 40], [31, 39], [49, 65], [50, 64], [51, 63], [52, 62]]",76,tRNA
tRNA_tdbR00000210-Enterobacteria_phage_T5-10726-Leu-UAG,GGGGCUAUGCUGGAACUGGUAGACAAUACGGCCUUAGAUUCCGUAGCUUAAAUGCGUGGGAGUUCGAGUCUCCCUAGCCCCACCA,(((((((...((...........)).(((((.........)))))............(((((.......))))))))))))....,"[[1, 81], [2, 80], [3, 79], [4, 78], [5, 77], [6, 76], [7, 75], [11, 25], [12, 24], [27, 45], [28, 44], [29, 43], [30, 42], [31, 41], [58, 74], [59, 73], [60, 72], [61, 71], [62, 70]]",85,tRNA
srp_Proc.mari._AE017126,ACGCCUAAAUCUGGUCAGGACCGGAAGGUAGCAGCCACAAGGGAUGCUUGA,.(((((.....((((....(((....)))....))))...))).)).....,"[[2, 46], [3, 45], [4, 43], [5, 42], [6, 41], [12, 37], [13, 36], [14, 35], [15, 34], [20, 29], [21, 28], [22, 27]]",51,srp
tRNA_tdbR00000381-Haloferax_volcanii-2246-Ser-GCU,GUUGCGGUAGCCAAGCCUGGCCCAAGGCGCUGGGUUGCUAACUCAGUGGCGUCAAGCCCCCGGGGUUCGAAUCCCCGCCGCAACGCCA,(((((((..(((.............)))((((((.......)))))).............(((((.......))))))))))))....,"[[1, 84], [2, 83], [3, 82], [4, 81], [5, 80], [6, 79], [7, 78], [10, 28], [11, 27], [12, 26], [29, 47], [30, 46], [31, 45], [32, 44], [33, 43], [34, 42], [61, 77], [62, 76], [63, 75], [64, 74], [65, 73]]",88,tRNA
5s_Dehalococcoides-ethenogenes-1,UCCCCCGGUGGUUAGAGCGGGGUGGUACCACCCGUUCCCGUCCCGAACACGGUCGUGAAACGCCCCAGCGCAGACGAUACUUAGGAGGCAACUCCUUGUGGAAAAUAUGCCACUGCCCGGGGA,.((((((((((.....((((((((.....((((((.............))))..))....)))))).))...........(.(((((....))))).)...........))))))...)))).,"[[2, 122], [3, 121], [4, 120], [5, 119], [6, 115], [7, 114], [8, 113], [9, 112], [10, 111], [11, 110], [17, 69], [18, 68], [19, 66], [20, 65], [21, 64], [22, 63], [23, 62], [24, 61], [30, 56], [31, 55], [32, 52], [33, 51], [34, 50], [35, 49], [81, 98], [83, 96], [84, 95], [85, 94], [86, 93], [87, 92]]",123,5s
tRNA_tdbR00000167-Aedes_albopictus-7160-Ile-GAU,AAUGAAUUGCCUGAUAAAAAGGAUUACCUUGAUAGGGUAAAUUAUAAAGAUUUAAUACUUUAUUCAUUACCA,(((((((..(((.......))).(((((.......))))).....((((........)))))))))))....,"[[1, 68], [2, 67], [3, 66], [4, 65], [5, 64], [6, 63], [7, 62], [10, 22], [11, 21], [12, 20], [24, 40], [25, 39], [26, 38], [27, 37], [28, 36], [46, 61], [47, 60], [48, 59], [49, 58]]",72,tRNA
tRNA_tdbR00000220-Escherichia_coli-562-Leu-HAA,GCCCGGAUGGUGGAAUCGGUAGACACAAGGGAUUAAAAAUCCCUCGGCGUUCGCGCUGUGCGGGUUCAAGUCCCGCUCCGGGUACCA,(((((((..(((...........))).(((((.......)))))...............(((((.......))))))))))))....,"[[1, 83], [2, 82], [3, 81], [4, 80], [5, 79], [6, 78], [7, 77], [10, 26], [11, 25], [12, 24], [28, 44], [29, 43], [30, 42], [31, 41], [32, 40], [60, 76], [61, 75], [62, 74], [63, 73], [64, 72]]",87,tRNA
tRNA_tdbR00000182-Codium_fragile-3133-Lys-NUU,GGGUUACUAACUCAAUGGUAGAGUAAUCGGCUUUUAACCGAUAAGUUCUGGGUUCAAUUCCCAGGUAACUCACCA,(((((((..((((.......)))).(((((.......))))).....(((((.......))))))))))))....,"[[1, 71], [2, 70], [3, 69], [4, 68], [5, 67], [6, 66], [7, 65], [10, 24], [11, 23], [12, 22], [13, 21], [26, 42], [27, 41], [28, 40], [29, 39], [30, 38], [48, 64], [49, 63], [50, 62], [51, 61], [52, 60]]",75,tRNA
5s_Campylobacter-jejuni-3,AUGUCCGUGAUUAUACAGAUGUGGAAACGCCUUGCUCCAUCCCGAACCAAGAAGCUAAGCACAUCGUGGGUGAUGAUACUACGCCUUACUGGCAGGGGGAAAGUAGCUCAUUGCGGACUU,(.((((((((.....((((((((.....((((((.............))))..))....)))))).)).((.((....((.((((.....))).).))....)).))...)))))))).),"[[1, 120], [3, 118], [4, 117], [5, 116], [6, 115], [7, 114], [8, 113], [9, 112], [10, 111], [16, 68], [17, 67], [18, 65], [19, 64], [20, 63], [21, 62], [22, 61], [23, 60], [29, 55], [30, 54], [31, 51], [32, 50], [33, 49], [34, 48], [70, 107], [71, 106], [73, 104], [74, 103], [79, 98], [80, 97], [82, 95], [83, 93], [84, 92], [85, 91]]",120,5s
srp_Cyan.cald._AF022186,GCCUUGAUCUUAGACAAGUAUAUUUUCACGGUAUCAGAAUCGGAAGAUAGCAGUACAGAAAGUAGCUUGUCAUAGUGAUCAAGGUCUAUU,(((((((.....(((((((.((((((....((((....(((....)))....))))..))))))))))))).......))))))).....,"[[1, 85], [2, 84], [3, 83], [4, 82], [5, 81], [6, 80], [7, 79], [13, 71], [14, 70], [15, 69], [16, 68], [17, 67], [18, 66], [19, 65], [21, 64], [22, 63], [23, 62], [24, 61], [25, 60], [26, 59], [31, 56], [32, 55], [33, 54], [34, 53], [39, 48], [40, 47], [41, 46]]",90,srp
5s_Mycoplasma-pulmonis-1,CAAGUGACCAUAACGCAAGUUAUACCUGAUACCAUUCCGAACUCAGUAGUCAAGACUUGUGGUGCCGACGAUACCCGCUGGGGAAAAUAGGGAGUUGCUUUUU,.((((((.....(((........((((((.............))))..)).........).)).((.(.....(((...))).....).))...))))))...,"[[2, 100], [3, 99], [4, 98], [5, 97], [6, 96], [7, 95], [13, 63], [14, 62], [15, 60], [24, 50], [25, 49], [26, 46], [27, 45], [28, 44], [29, 43], [65, 91], [66, 90], [68, 88], [74, 82], [75, 81], [76, 80]]",103,5s
tRNA_tdbR00000592-Ascaris_suum-6253-Gln-UG,UAUACUUUAGUUUAGGAAGAAUAUUUAUUUUUGGUGUAAAAGGGUUGUAGUAUAGCCA,((((((...((((.....)))).(((((.......)))))........))))))....,"[[1, 54], [2, 53], [3, 52], [4, 51], [5, 50], [6, 49], [10, 22], [11, 21], [12, 20], [13, 19], [24, 40], [25, 39], [26, 38], [27, 37], [28, 36]]",58,tRNA
srp_Gloe.viol._BA000045,GAGAUUCAUUACUCUAAAUCAGUCAAUUACAAUCAUGUCAGAACUGAAAAGAAGCAGCAUUAACGGUUGAUAUCGAUAAGAGAGGGAUGAAUCUCUUCG,((((((((((.((((..(((.(((((((......((((.....((....)).....))))....)))))..)).)))...)))).))))))))))....,"[[1, 95], [2, 94], [3, 93], [4, 92], [5, 91], [6, 90], [7, 89], [8, 88], [9, 87], [10, 86], [12, 84], [13, 83], [14, 82], [15, 81], [18, 77], [19, 76], [20, 75], [22, 73], [23, 72], [24, 69], [25, 68], [26, 67], [27, 66], [28, 65], [35, 60], [36, 59], [37, 58], [38, 57], [44, 51], [45, 50]]",99,srp
5s_Mycoplasma-penetrans-1,CAGUGUUAAUAUUGUAGUGGAAACACCUGUUCCCAUCCCGAACACAGAAGUUAAGCACUAUGAAGCCAAAGGUAGCUUUUGCAAGAAUAGGAAGAUGCUGCUU,((((((.....((((((((.....((((((.............))))..))....)))))).)).((.(.....((....)).....).))...))))))...,"[[1, 100], [2, 99], [3, 98], [4, 97], [5, 96], [6, 95], [12, 64], [13, 63], [14, 61], [15, 60], [16, 59], [17, 58], [18, 57], [19, 56], [25, 51], [26, 50], [27, 47], [28, 46], [29, 45], [30, 44], [66, 91], [67, 90], [69, 88], [75, 82], [76, 81]]",103,5s
tRNA_tdbR00000143-Asterias_amurensis-7602-His-QUG,GACUAAAGUAGUUUAAAUAAAACCCUAAUUUGUGGUAUUAAAAUUAUCAGUUAAAAUCUGAUCUAUAGUCCCA,.((((.((..((((.....))))..((((.......)))).....(((((.......))))))).))))....,"[[2, 69], [3, 68], [4, 67], [5, 66], [7, 64], [8, 63], [11, 23], [12, 22], [13, 21], [14, 20], [26, 40], [27, 39], [28, 38], [29, 37], [46, 62], [47, 61], [48, 60], [49, 59], [50, 58]]",73,tRNA
tRNA_tdbR00000383-Haloferax_volcanii-2246-Ser-GGA,GCCAGGAUGGCCGAGCGGUAAGGCGCACGCCUGGAAAGCGUGUUCCCUCUGGGAUCGGGGGUUCAAAUCCCUCUCCUGGCGCCA,(((((((..(((.........)))((((((.......)))))).............(((((.......))))))))))))....,"[[1, 80], [2, 79], [3, 78], [4, 77], [5, 76], [6, 75], [7, 74], [10, 24], [11, 23], [12, 22], [25, 43], [26, 42], [27, 41], [28, 40], [29, 39], [30, 38], [57, 73], [58, 72], [59, 71], [60, 70], [61, 69]]",84,tRNA
srp_Baci.subt._X06803,GAAUUCAUGAACCAUGUCAGGUCCGGAAGGAAGCAGCAUUAAGUGAAACCUCU,((.(((((.....((((....(((....)))....))))...)))))...)).,"[[1, 52], [2, 51], [4, 47], [5, 46], [6, 45], [7, 44], [8, 43], [14, 39], [15, 38], [16, 37], [17, 36], [22, 31], [23, 30], [24, 29]]",53,srp
5s_Nanoarchaeum-equitans-1,GUUUCGUGGGAGGGCCAUAGCGGCCCGGGAACCACCCGUACCCAUCUCGAACACGGAAGUUAAGCCGGGCCGCGUCCCGAGUGGUACUGCCCCGCGAAGGGGUGGGAAGCUCGGGAUGCCC,...........((((....(((.(.((......((((((.............))))..)).....))).).))...(((((.....(((((((.....)))))))....)))))...)))),"[[12, 121], [13, 120], [14, 119], [15, 118], [20, 73], [21, 72], [22, 70], [24, 68], [26, 67], [27, 66], [34, 60], [35, 59], [36, 56], [37, 55], [38, 54], [39, 53], [77, 114], [78, 113], [79, 112], [80, 111], [81, 110], [87, 105], [88, 104], [89, 103], [90, 102], [91, 101], [92, 100], [93, 99]]",121,5s
tRNA_tdbR00000553-Asterias_amurensis-7602-Tyr-GUA,GGCAGGGUGGCAGAAAGUUAAUGCACUAAAUUGUAAAUUUAUAAAUAAAGGUUUAAUUCCUUUUCUUGCCACCA,(((((((..(((.........)))..((((.......)))).....(((((.......))))))))))))....,"[[1, 70], [2, 69], [3, 68], [4, 67], [5, 66], [6, 65], [7, 64], [10, 24], [11, 23], [12, 22], [27, 41], [28, 40], [29, 39], [30, 38], [47, 63], [48, 62], [49, 61], [50, 60], [51, 59]]",74,tRNA
srp_Yers.pseu._BX936398,UGUUAGUACUCUAUAAUACUGUAAUUCUUAAGAAUUUGGUCAGGAUUGGAAAAUAGCAGCCAUAUUAAGACAGUACAGGUAUUACGAAUAUUACUAACAGAGA,((((((((.(.(.(..(.(((((.((.(.((.....((((....(((....)))....))))..))).))...))))))......).).).))))))))....,"[[1, 99], [2, 98], [3, 97], [4, 96], [5, 95], [6, 94], [7, 93], [8, 92], [10, 90], [12, 88], [14, 86], [17, 79], [19, 78], [20, 77], [21, 76], [22, 75], [23, 74], [25, 70], [26, 69], [28, 67], [30, 66], [31, 65], [37, 62], [38, 61], [39, 60], [40, 59], [45, 54], [46, 53], [47, 52]]",103,srp
tRNA_tdbR00000209-Enterobacteria_phage_T4-10665-Leu-NAA,GCGAGAAUGGUCAAAUUGGUAAAGGCACAGCACUUAAAAUGCUGCGGAAUGAUUUCCUUGUGGGUUCGAGUCCCACUUCUCGCACCA,(((((((..(((...........))).(((((.......)))))...............(((((.......))))))))))))....,"[[1, 83], [2, 82], [3, 81], [4, 80], [5, 79], [6, 78], [7, 77], [10, 26], [11, 25], [12, 24], [28, 44], [29, 43], [30, 42], [31, 41], [32, 40], [60, 76], [61, 75], [62, 74], [63, 73], [64, 72]]",87,tRNA
tRNA_tdbR00000139-Mycoplasma_capricolum-2095-His-GUK,GGCGUAGGUGGUGAAGUGGUUAACACAUCAGGUUGUGGCUCUGACAUACGCGGGUUCGAUCCCCGUUCUACGCCCCA,.(((((((..(((..........))).(((((.......))))).....(((((.......))))))))))))....,"[[2, 73], [3, 72], [4, 71], [5, 70], [6, 69], [7, 68], [8, 67], [11, 26], [12, 25], [13, 24], [28, 44], [29, 43], [30, 42], [31, 41], [32, 40], [50, 66], [51, 65], [52, 64], [53, 63], [54, 62]]",77,tRNA
srp_Rick.typh._AE017197,CAGAGGGUAAUAUGAGCAAAGGCCUUGUGAAGUCGGUCAGGUUAGGAAUAAAGCAGCCGUAGCAUUGUCCCUUUGGGUUGUAUUGCCCAUUUUUUAUU,.((.(((..(((...(.(..(.(..(((.....((((....(((....)))....))))..)))..).)..).)....)))..)..)).)).......,"[[2, 91], [3, 90], [5, 88], [6, 87], [7, 84], [10, 81], [11, 80], [12, 79], [16, 74], [18, 72], [21, 69], [23, 67], [26, 64], [27, 63], [28, 62], [34, 59], [35, 58], [36, 57], [37, 56], [42, 51], [43, 50], [44, 49]]",98,srp
tRNA_tdbR00000489-Neurospora_crassa-5141-Trp-NCA,AAGAGUAUAGUUUAAUGGUAAAACAGAAAGCUUCAACCUUUAAAUUCUUAGUUCGAGUCUAAGUACUCUUGCCA,(((((((..((((.......))))..((((.......)))).....(((((.......))))))))))))....,"[[1, 70], [2, 69], [3, 68], [4, 67], [5, 66], [6, 65], [7, 64], [10, 24], [11, 23], [12, 22], [13, 21], [27, 41], [28, 40], [29, 39], [30, 38], [47, 63], [48, 62], [49, 61], [50, 60], [51, 59]]",74,tRNA
tRNA_tdbR00000021-Saccharomyces_cerevisiae-4932-Cys-GCA,GCUCGUAUGGCGCAGUGGUAGCGCAGCAGAUUGCAAAUCUGUUGGUCCUUAGUUCGAUCCUGAGUGCGAGCUCCA,(((((((..((((.......))))((((((.......))))))....(((((.......))))))))))))....,"[[1, 71], [2, 70], [3, 69], [4, 68], [5, 67], [6, 66], [7, 65], [10, 24], [11, 23], [12, 22], [13, 21], [25, 43], [26, 42], [27, 41], [28, 40], [29, 39], [30, 38], [48, 64], [49, 63], [50, 62], [51, 61], [52, 60]]",75,tRNA
tRNA_tdbR00000390-Escherichia_coli-562-Ser-CGA,GGAGAGAUGCCGGAGCGGCUGAACGGACCGGUCUCGAAAACCGGAGUAGGGGCAACUCUACCGGGGGUUCAAAUCCCCCUCUCUCCGCCA,(((((((..(((...........))).(((((.......)))))..................(((((.......))))))))))))....,"[[1, 86], [2, 85], [3, 84], [4, 83], [5, 82], [6, 81], [7, 80], [10, 26], [11, 25], [12, 24], [28, 44], [29, 43], [30, 42], [31, 41], [32, 40], [63, 79], [64, 78], [65, 77], [66, 76], [67, 75]]",90,tRNA
tRNA_tdbR00000142-Saccharomyces_cerevisiae-4932-His-GUG,GGUGAAUAUAUUUCAAUGGUAGAAAAUACGCUUGUGGUGCGUUAAAUCUGAGUUCGAUUCUCAGUAUUCACCCCA,.(((((((..((((.......))))..((((.......)))).....(((((.......))))))))))))....,"[[2, 71], [3, 70], [4, 69], [5, 68], [6, 67], [7, 66], [8, 65], [11, 25], [12, 24], [13, 23], [14, 22], [28, 42], [29, 41], [30, 40], [31, 39], [48, 64], [49, 63], [50, 62], [51, 61], [52, 60]]",75,tRNA
tRNA_tdbR00000300-Saccharomyces_cerevisiae-4932-Asn-GUU,GACUCCAUGGCCAAGUUGGUUAAGGCGUGCGACUGUUAAUCGCAAGAUCGUGAGUUCAACCCUCACUGGGGUCGCCA,(((((((..(((...........))).(((((.......))))).....(((((.......))))))))))))....,"[[1, 73], [2, 72], [3, 71], [4, 70], [5, 69], [6, 68], [7, 67], [10, 26], [11, 25], [12, 24], [28, 44], [29, 43], [30, 42], [31, 41], [32, 40], [50, 66], [51, 65], [52, 64], [53, 63], [54, 62]]",77,tRNA
5s_Spiroplasma-melliferum-1,UCUGGUGCUUAUGGCAUAGUGGACACACCCGUUCCCAUCCCGAACACGGAAGUUAAGCACUAUUACGCCGACGAUAGCCGCAAGGUGAAAAUAGGGCAGUGCCAGGU,((((((((.....(.((((((.....((((((.............))))..))....))))))..).((.(.....(((....))).....).))...)))))))).,"[[1, 106], [2, 105], [3, 104], [4, 103], [5, 102], [6, 101], [7, 100], [8, 99], [14, 66], [16, 63], [17, 62], [18, 61], [19, 60], [20, 59], [21, 58], [27, 53], [28, 52], [29, 49], [30, 48], [31, 47], [32, 46], [68, 95], [69, 94], [71, 92], [77, 86], [78, 85], [79, 84]]",107,5s
tRNA_tdbR00000246-Bos_taurus-9913-Leu-NAA,GUUAAGGUGGCAGAGCCCGGUAAUUGCAUAAAACUUAAACUUUUAUAUCCAGAGAUUCAAAUCCUCUCCUUAACACCA,(((((((..((((..........))))((((((.......))))))....((((.........)))))))))))....,"[[1, 74], [2, 73], [3, 72], [4, 71], [5, 70], [6, 69], [7, 68], [10, 27], [11, 26], [12, 25], [13, 24], [28, 46], [29, 45], [30, 44], [31, 43], [32, 42], [33, 41], [51, 67], [52, 66], [53, 65], [54, 64]]",78,tRNA
tRNA_tdbR00000110-Methanobacterium_thermaggregans-83982-Gly-GCC,GCGGCGUUAGUCCAUCUGGUUAAGACACUGGCCUGCCACGCCAGCGUCCCGGGUUCAAAUCCCGGACGCCGCACCA,(((((((..(((...........))).(((((.......)))))....(((((.......))))))))))))....,"[[1, 72], [2, 71], [3, 70], [4, 69], [5, 68], [6, 67], [7, 66], [10, 26], [11, 25], [12, 24], [28, 44], [29, 43], [30, 42], [31, 41], [32, 40], [49, 65], [50, 64], [51, 63], [52, 62], [53, 61]]",76,tRNA
tRNA_tdbR00000549-Tetrahymena_pyriformis-5908-Tyr-QUA,GAGAUGGUGGCUGAGUGGUUAAAGCGGUAGACUGUAAAUCUAUUGGGUAUCCGUCGUCGGUUCGAGUCCGAUCCAUCUCACCA,(((((((..(((..........)))((((((.......))))))...........(((((.......))))))))))))....,"[[1, 79], [2, 78], [3, 77], [4, 76], [5, 75], [6, 74], [7, 73], [10, 25], [11, 24], [12, 23], [26, 44], [27, 43], [28, 42], [29, 41], [30, 40], [31, 39], [56, 72], [57, 71], [58, 70], [59, 69], [60, 68]]",83,tRNA
tRNA_tdbR00000583-Aeropyrum_pernix-56636-Cys-GCA,GCCGGGGUGGCCGAGCGGUCUAAGGCGGCGGGCUGCAGACCCGUUAGUUCCCGGGUUCGAAUCCCGGCCCCGGCUCCA,(((((((..(((...........))).(((((.......)))))......(((((.......))))))))))))....,"[[1, 74], [2, 73], [3, 72], [4, 71], [5, 70], [6, 69], [7, 68], [10, 26], [11, 25], [12, 24], [28, 44], [29, 43], [30, 42], [31, 41], [32, 40], [51, 67], [52, 66], [53, 65], [54, 64], [55, 63]]",78,tRNA
tRNA_tdbR00000125-Bos_taurus-9913-Gly-UCC,AUUCUUUUAGUAUUAACUAGUACAGCUGACUUCCAAUCAGCUAGUUUCGGUCUAGUCCGAAAAAGAAUACCA,(((((((..((((......))))((((((.......))))))...(((((......))))))))))))....,"[[1, 68], [2, 67], [3, 66], [4, 65], [5, 64], [6, 63], [7, 62], [10, 23], [11, 22], [12, 21], [13, 20], [24, 42], [25, 41], [26, 40], [27, 39], [28, 38], [29, 37], [46, 61], [47, 60], [48, 59], [49, 58], [50, 57]]",72,tRNA
tRNA_tdbR00000362-Saccharomyces_cerevisiae-4932-Arg-NCU,GCUCUCUUAGCUUAAUGGUUAAAGCAUAAUACUUCUAAUAUUAAUAUUCCAUGUUCAAAUCAUGGAGAGAGUACCA,(((((((..((((........)))).(((((.......))))).....(((((.......))))))))))))....,"[[1, 72], [2, 71], [3, 70], [4, 69], [5, 68], [6, 67], [7, 66], [10, 25], [11, 24], [12, 23], [13, 22], [27, 43], [28, 42], [29, 41], [30, 40], [31, 39], [49, 65], [50, 64], [51, 63], [52, 62], [53, 61]]",76,tRNA
tRNA_tdbR00000466-Saccharomyces_cerevisiae-4932-Val-AC,GGUCCAAUGGUCCAGUGGUUCAAGACGUCGCCUUUACACGGCGAAGAUCCCGAGUUCGAACCUCGGUUGGAUCACCA,(((((((..(((...........))).(((((.......))))).....(((((.......))))))))))))....,"[[1, 73], [2, 72], [3, 71], [4, 70], [5, 69], [6, 68], [7, 67], [10, 26], [11, 25], [12, 24], [28, 44], [29, 43], [30, 42], [31, 41], [32, 40], [50, 66], [51, 65], [52, 64], [53, 63], [54, 62]]",77,tRNA
srp_Cyan.mero._AY286123,GCCCGGAUAUGUACUAGCUAUUUAUAUUGCGAGGACUGGAAAGUUGCAGCAAGAAAUAGUCUGAAAGUGCUAAGUCCGGGUUUUU,((((((((((.(.(..((((((....((((....(((....)))....))))..))))))..).).)).....))))))))....,"[[1, 81], [2, 80], [3, 79], [4, 78], [5, 77], [6, 76], [7, 75], [8, 74], [9, 68], [10, 67], [12, 65], [14, 63], [17, 60], [18, 59], [19, 58], [20, 57], [21, 56], [22, 55], [27, 52], [28, 51], [29, 50], [30, 49], [35, 44], [36, 43], [37, 42]]",85,srp
srp_Rhod.balt._BX294144,GGCGACCCUUGCGACUGUGAGUCGUGAACCUGGUCAGGCCUUAACUGGAGCAGCCAUAAGCGGUGUAACUUUGUGUGAGGGUUGCCGCCACCG,((((.(.(((...(..((.((((((.....((((....((......))....))))...))))).).))..).....))))....))))....,"[[1, 89], [2, 88], [3, 87], [4, 86], [6, 81], [8, 80], [9, 79], [10, 78], [14, 72], [17, 69], [18, 68], [20, 66], [21, 64], [22, 63], [23, 62], [24, 61], [25, 60], [31, 56], [32, 55], [33, 54], [34, 53], [39, 48], [40, 47]]",93,srp
tRNA_tdbR00000321-Saccharomyces_cerevisiae-4932-Pro-UGG,CAGAUAGAAGCCAAAAGGUCAGGCGCUUUCUUUGGGAGAAAGACCUAGUUAGUUCGAGUCUAUCCUAUCUGACCA,(((((((..(((.........))).(((((.......))))).....(.(((.......))).))))))))....,"[[1, 71], [2, 70], [3, 69], [4, 68], [5, 67], [6, 66], [7, 65], [10, 24], [11, 23], [12, 22], [26, 42], [27, 41], [28, 40], [29, 39], [30, 38], [48, 64], [50, 62], [51, 61], [52, 60]]",75,tRNA
5s_Thermus-sp.-2,CUCGGACCACCAUACCGGGGGGGAAACACCCGGUCCCAUUCCGAACCCGGAAGUUAAGCCCCCCAGGGCCGAUGAUAGCCUCGCCCCGAGCGAGGUGAAAGUAGGUCGUGGUCCGGGCAC,(((((((((.....((((((((.....((((((.............))))..))....)))))).)).((.((....(((((((.....)))))))....)).))...)))))))))...,"[[1, 117], [2, 116], [3, 115], [4, 114], [5, 113], [6, 112], [7, 111], [8, 110], [9, 109], [15, 67], [16, 66], [17, 64], [18, 63], [19, 62], [20, 61], [21, 60], [22, 59], [28, 54], [29, 53], [30, 50], [31, 49], [32, 48], [33, 47], [69, 105], [70, 104], [72, 102], [73, 101], [78, 96], [79, 95], [80, 94], [81, 93], [82, 92], [83, 91], [84, 90]]",120,5s
srp_Chlo.tepi._AE006470,GGAGAGUAAGUCCUAUACAGCAUUCUCUUGCCCAACCAUGUCAGGUCCGGAAGGAAGCAGCAUCCGGUAAUGUGAGUGCGUGAUAUAGUCAGCUUGCUCUCCUUUU,(((((((((((.((((......(.(((.((((.....((((....(((....)))....))))..))))....))).)......))))...)))))))))))....,"[[1, 102], [2, 101], [3, 100], [4, 99], [5, 98], [6, 97], [7, 96], [8, 95], [9, 94], [10, 93], [11, 92], [13, 88], [14, 87], [15, 86], [16, 85], [23, 78], [25, 76], [26, 75], [27, 74], [29, 69], [30, 68], [31, 67], [32, 66], [38, 63], [39, 62], [40, 61], [41, 60], [46, 55], [47, 54], [48, 53]]",106,srp
tRNA_tdbR00000490-Saccharomyces_cerevisiae-4932-Trp-CA,AAGGAUAUAGUUUAAUGGUAAAACAGUUGAUUUCAAAUCAAUCAUUAGGAGUUCGAAUCUCUUUAUCCUUGCCA,(((((((..((((.......)))).(((((.......)))))....(((((.......))))))))))))....,"[[1, 70], [2, 69], [3, 68], [4, 67], [5, 66], [6, 65], [7, 64], [10, 24], [11, 23], [12, 22], [13, 21], [26, 42], [27, 41], [28, 40], [29, 39], [30, 38], [47, 63], [48, 62], [49, 61], [50, 60], [51, 59]]",74,tRNA
tRNA_tdbR00000463-Bos_taurus-9913-Val-UAC,CAAGAUAUAGCUUAAACAAAGCAUCCAGUUUACACCUAGAAGACUUCAUUCAUUAUGAAUAUCUUGACCA,(((((((..((((.....)))).((.((.......)).))....((((.......)))))))))))....,"[[1, 66], [2, 65], [3, 64], [4, 63], [5, 62], [6, 61], [7, 60], [10, 22], [11, 21], [12, 20], [13, 19], [24, 40], [25, 39], [27, 37], [28, 36], [45, 59], [46, 58], [47, 57], [48, 56]]",70,tRNA
tRNA_tdbR00000078-Ascaris_suum-6253-Phe-GAA,ACUCUGUUAGUUUAUGUUUUAAAAUAUGACUUUGAAGAAGUUGGAAAAUGUUAGGAGUGCCA,(((((....((((........)))).(((((.......)))))....(..)..)))))....,"[[1, 58], [2, 57], [3, 56], [4, 55], [5, 54], [10, 25], [11, 24], [12, 23], [13, 22], [27, 43], [28, 42], [29, 41], [30, 40], [31, 39], [48, 51]]",62,tRNA
5s_Thiovulum-sp.-1,UUUGGUUGGUGAUUACAGAGAAAAGGUCACACUCAGCUCCAUUUCGAACCUGAAAGUUAAGCUUUUCUUCGUCGAUAAUACUGCCCCCUACGGGGGUGGGACGGUAGAUCGUUGCCAACCAUU,..((((((((((.....((((((((.....((((((.............))))..))....)))))).)).((.((....((((((((...))))))))....)).))...))))))))))..,"[[3, 121], [4, 120], [5, 119], [6, 118], [7, 117], [8, 116], [9, 115], [10, 114], [11, 113], [12, 112], [18, 70], [19, 69], [20, 67], [21, 66], [22, 65], [23, 64], [24, 63], [25, 62], [31, 57], [32, 56], [33, 53], [34, 52], [35, 51], [36, 50], [72, 108], [73, 107], [75, 105], [76, 104], [81, 99], [82, 98], [83, 97], [84, 96], [85, 95], [86, 94], [87, 93], [88, 92]]",123,5s
tRNA_tdbR00000126-Halocynthia_roretzi-7729-Gly-NCU,GCGUUGAUAGUUUAAGUAAAAUAGAUUCUUUCUAGGUAUAAGUUAGGGUUGGUCCCUUUGAUGCACCA,(((((((..((((.....))))..((.(.......).))......(((....)))..)))))))....,"[[1, 64], [2, 63], [3, 62], [4, 61], [5, 60], [6, 59], [7, 58], [10, 22], [11, 21], [12, 20], [13, 19], [25, 39], [26, 38], [28, 36], [46, 55], [47, 54], [48, 53]]",68,tRNA
5s_uncultured-euryarchaeote-37F11-1,GAUGGGUGCACGGUCAUAGCGGUGGAGUUUACCCGGUCUCAUCCCGAACCCGGAAGUCAAGCCCUCCUGCGUCUGUCCCAAUACUGUGGUACGAGAGUCCACGGGAACGGCGGUCACUGUGC,.......(((((((....((((.((.....((((((.............))))..)).....)).)).))...(..((.....((((((.((....))))))))....))..)..))))))),"[[8, 122], [9, 121], [10, 120], [11, 119], [12, 118], [13, 117], [14, 116], [19, 70], [20, 69], [21, 67], [22, 66], [24, 64], [25, 63], [31, 57], [32, 56], [33, 53], [34, 52], [35, 51], [36, 50], [74, 113], [77, 110], [78, 109], [84, 104], [85, 103], [86, 102], [87, 101], [88, 100], [89, 99], [91, 98], [92, 97]]",122,5s
srp_Porp.purp._U38804,ACUCGGGAAAUACGUUAUUAAUAGCUUAAACUUGUCAGGACUGGAAAGUAGCAGCAAUUCAGCUUAAUUACAUAAGGUGUUUUCCGGGUUUU,(((((((((((....((.(...((((.....((((....(((....)))....))))...))))..).))....)....))))))))))...,"[[1, 89], [2, 88], [3, 87], [4, 86], [5, 85], [6, 84], [7, 83], [8, 82], [9, 81], [10, 80], [11, 75], [16, 70], [17, 69], [19, 67], [23, 64], [24, 63], [25, 62], [26, 61], [32, 57], [33, 56], [34, 55], [35, 54], [40, 49], [41, 48], [42, 47]]",92,srp
tRNA_tdbR00000518-Saccharomyces_cerevisiae-4932-Ini-CAU,UGCAAUAUGAUGUAAUUGGUUAACAUUUUAGGGUCAUGACCUAAUUAUAUACGUUCAAAUCGUAUUAUUGCUACCA,.((((((..((((.........)))).(((((.......)))))....(((((.......))))))))))).....,"[[2, 71], [3, 70], [4, 69], [5, 68], [6, 67], [7, 66], [10, 26], [11, 25], [12, 24], [13, 23], [28, 44], [29, 43], [30, 42], [31, 41], [32, 40], [49, 65], [50, 64], [51, 63], [52, 62], [53, 61]]",76,tRNA
srp_Bdel.bact._BX842656,UGGGCCCCACGCAACGGAAGGUUACGAACUCCGUCAGGUCCGGAAGGAAGCAGCGG,..............................((((....(((....)))....)))),"[[31, 56], [32, 55], [33, 54], [34, 53], [39, 48], [40, 47], [41, 46]]",56,srp
tRNA_tdbR00000403-Bos_taurus-9913-Ser-UGA,GAGAGAGACAUAGAGGUUAUGAUGUUGGCUUGAAACCAAUAGUAGGGGGUUCGAUUCCUUCCUUUCUUACCA,(((((((.(((.......))).((((((.......))))))...(((((.......))))))))))))....,"[[1, 68], [2, 67], [3, 66], [4, 65], [5, 64], [6, 63], [7, 62], [9, 21], [10, 20], [11, 19], [23, 41], [24, 40], [25, 39], [26, 38], [27, 37], [28, 36], [45, 61], [46, 60], [47, 59], [48, 58], [49, 57]]",72,tRNA
tRNA_tdbR00000235-Neurospora_crassa-5141-Leu-NAA,AUCCGAGUGAUGGAAUGGUAGACAUAACAUGCUUAAAACAUGUGGGCUUCAAGCUGUGAAGGUUCAAGUCCUUCUUCGGAUACCA,(((((((..(((..........))).(((((.......)))))..............(((((.......))))))))))))....,"[[1, 81], [2, 80], [3, 79], [4, 78], [5, 77], [6, 76], [7, 75], [10, 25], [11, 24], [12, 23], [27, 43], [28, 42], [29, 41], [30, 40], [31, 39], [58, 74], [59, 73], [60, 72], [61, 71], [62, 70]]",85,tRNA
5s_Loofah-witches-broom-phytoplasma-1,CUUGGUUAUUAAUAAAAGGGGAAACACCUGUUCCCAUUCCGAAUACAGAAGUUAAGUCCUUUUACCUCGACAAUAGUUGUUGUUUACAUCCGCAAAGAUAGAGUUAGCCAAGG,((((((((....((((((((.....((((((.............))))..))....))))))))..((.(.....((.(.((....)).).)).....).))..)))))))).,"[[1, 112], [2, 111], [3, 110], [4, 109], [5, 108], [6, 107], [7, 106], [8, 105], [13, 64], [14, 63], [15, 62], [16, 61], [17, 60], [18, 59], [19, 58], [20, 57], [26, 52], [27, 51], [28, 48], [29, 47], [30, 46], [31, 45], [67, 102], [68, 101], [70, 99], [76, 93], [77, 92], [79, 90], [81, 88], [82, 87]]",113,5s
srp_Camp.jeju._CP000538,GGUGGCCGGGUCCCAUACAAUAGCUCUCUUGACGAAUCCCGCUAGGUCCGGAAGGAAGCAACGGCACUCGAGGGACUAUGUGAUAUGGGGUGCUCGGCCACUUUUU,(((((((((((.((.(((.((((.((.(((((......(((.....(((....))).....)))...))))))).))))).....)).)).)))))))))))....,"[[1, 102], [2, 101], [3, 100], [4, 99], [5, 98], [6, 97], [7, 96], [8, 95], [9, 94], [10, 93], [11, 92], [13, 90], [14, 89], [16, 87], [17, 86], [18, 80], [20, 79], [21, 78], [22, 77], [23, 76], [25, 74], [26, 73], [28, 72], [29, 71], [30, 70], [31, 69], [32, 68], [39, 64], [40, 63], [41, 62], [47, 56], [48, 55], [49, 54]]",106,srp
tRNA_tdbR00000517-Neurospora_crassa-5141-Ini-CAU,UGCGGAUUAUUGUAAUAGUAACAUAUUUGGCUCAUGUCCGAAUGACAUAGGUGCAAAUCCUGUAUCCGCAUCCA,(((((((...(((.......))).((((((.......))))))...(((((.......))))))))))))....,"[[1, 70], [2, 69], [3, 68], [4, 67], [5, 66], [6, 65], [7, 64], [11, 23], [12, 22], [13, 21], [25, 43], [26, 42], [27, 41], [28, 40], [29, 39], [30, 38], [47, 63], [48, 62], [49, 61], [50, 60], [51, 59]]",74,tRNA
tRNA_tdbR00000280-Saccharomyces_cerevisiae-4932-Met-CAU,GCUUGUAUAGUUUAAUUGGUUAAAACAUUUGUCUCAUAAAUAAAUAAUGUAAGGUUCAAUUCCUUCUACAAGUACCA,(((((((..((((.........))))((((((.......)))))).....((((.......)))).)))))))....,"[[1, 73], [2, 72], [3, 71], [4, 70], [5, 69], [6, 68], [7, 67], [10, 26], [11, 25], [12, 24], [13, 23], [27, 45], [28, 44], [29, 43], [30, 42], [31, 41], [32, 40], [51, 65], [52, 64], [53, 63], [54, 62]]",77,tRNA
tRNA_tdbR00000022-Enterobacteria_phage_T5-10726-Asp-GUC,GCGACCGGGGCUGGCUUGGUAAUGGUACUCCCCUGUCACGGGAGAGAAUGUGGGUUCAAAUCCCAUCGGUCGCGCCA,(((((((..((((.........)))).(((((.......))))).....(((((.......))))))))))))....,"[[1, 73], [2, 72], [3, 71], [4, 70], [5, 69], [6, 68], [7, 67], [10, 26], [11, 25], [12, 24], [13, 23], [28, 44], [29, 43], [30, 42], [31, 41], [32, 40], [50, 66], [51, 65], [52, 64], [53, 63], [54, 62]]",77,tRNA
srp_Myco.hyop._AE017243,UUAUAAUAUAUAUGUCAUUACAAUAUUAAGUAGCGAACCUUGUCAGGCCAGAGAUGGAGCAGCAAUAGCAAUAUCUUUUUAUGUGUGAUGACAUAUAUUAA,.......(((((((((((((((.((..((((.((.....((((....(((....)))....))))..)).))...))..))))..)))))))))))))...,"[[8, 98], [9, 97], [10, 96], [11, 95], [12, 94], [13, 93], [14, 92], [15, 91], [16, 90], [17, 89], [18, 88], [19, 87], [20, 86], [21, 83], [22, 82], [24, 81], [25, 80], [28, 77], [29, 76], [30, 72], [31, 71], [33, 69], [34, 68], [40, 65], [41, 64], [42, 63], [43, 62], [48, 57], [49, 56], [50, 55]]",101,srp
tRNA_tdbR00000460-Aedes_albopictus-7160-Val-UAC,CAAUUUAAAGCUUAAUUAGUAAAGUAUUUCAUUUACAUUGAAAAGAAAUUUGUGCAAAUCAAUUUAAAUUGACCA,(((((((..((((........)))).(((((.......)))))....(.(((.......))).))))))))....,"[[1, 71], [2, 70], [3, 69], [4, 68], [5, 67], [6, 66], [7, 65], [10, 25], [11, 24], [12, 23], [13, 22], [27, 43], [28, 42], [29, 41], [30, 40], [31, 39], [48, 64], [50, 62], [51, 61], [52, 60]]",75,tRNA
tRNA_tdbR00000361-Saccharomyces_cerevisiae-4932-Arg-ACG,AUAUCUUUAAUUUAAUGGUAAAAUAUUAGAAUACGAAUCUAAUUAUAUAGGUUCAAAUCCUAUAAGAUAUUCCA,(((((((..((((.......))))((((((.......))))))...(((((.......))))))))))))....,"[[1, 70], [2, 69], [3, 68], [4, 67], [5, 66], [6, 65], [7, 64], [10, 24], [11, 23], [12, 22], [13, 21], [25, 43], [26, 42], [27, 41], [28, 40], [29, 39], [30, 38], [47, 63], [48, 62], [49, 61], [50, 60], [51, 59]]",74,tRNA
tRNA_tdbR00000164-Saccharomyces_cerevisiae-4932-Ile-GAU,GAAACUAUAAUUCAAUUGGUUAGAAUAGUAUUUUGAUAAGGUACAAAUAUAGGUUCAAUCCCUGUUAGUUUCACCA,(((((((..((((.........)))).(((((.......)))))....(((((.......))))))))))))....,"[[1, 72], [2, 71], [3, 70], [4, 69], [5, 68], [6, 67], [7, 66], [10, 26], [11, 25], [12, 24], [13, 23], [28, 44], [29, 43], [30, 42], [31, 41], [32, 40], [49, 65], [50, 64], [51, 63], [52, 62], [53, 61]]",76,tRNA
srp_Vibr.para._BA000031,UUCCAGCAUACAGCAAUAUUUUUAUUAGUAAAUUCGAUCAGGUCCGACAGGAAGCAAUCGUAGCUACAAAAAGUAUGUGUAUAGUAUGCUGGAAAAUU,((((((((((.(..(.(((((((..((((.....((((....(((....)))....))))..))))..))))))))...).)...)))))))))....,"[[1, 94], [2, 93], [3, 92], [4, 91], [5, 90], [6, 89], [7, 88], [8, 87], [9, 86], [10, 82], [12, 80], [15, 76], [17, 75], [18, 74], [19, 73], [20, 72], [21, 71], [22, 70], [23, 69], [26, 66], [27, 65], [28, 64], [29, 63], [35, 60], [36, 59], [37, 58], [38, 57], [43, 52], [44, 51], [45, 50]]",98,srp
srp_Camp.jeju._CP000768,GGUAGCUAGGUCUAUGCAACAGAGAAUCACGAACUCCGCCAGGCCUGGAAGGGAGCAACGGUAGUGACACUCUCUGUGUGCGUAGGUUGCCUAGCUACCAUUU,((((((((((.(.((...(((((((.((((.....(((.....(((....))).....)))..))))...)))))))........)).)))))))))))....,"[[1, 99], [2, 98], [3, 97], [4, 96], [5, 95], [6, 94], [7, 93], [8, 92], [9, 91], [10, 90], [12, 89], [14, 87], [15, 86], [19, 77], [20, 76], [21, 75], [22, 74], [23, 73], [24, 72], [25, 71], [27, 67], [28, 66], [29, 65], [30, 64], [36, 61], [37, 60], [38, 59], [44, 53], [45, 52], [46, 51]]",103,srp
tRNA_tdbR00000128-Halocynthia_roretzi-7729-Gly-GCU,AAGGGUGAUUAGGAAUGUUAGAAAGUUGCUAUUUUUUUGAUAUUGAGUUCGAAUCUCGAGGCUCUUGCCA,((((((....(.(..).)..(((((.......))))).....(((((.......))))).))))))....,"[[1, 66], [2, 65], [3, 64], [4, 63], [5, 62], [6, 61], [11, 18], [13, 16], [21, 37], [22, 36], [23, 35], [24, 34], [25, 33], [43, 59], [44, 58], [45, 57], [46, 56], [47, 55]]",70,tRNA
tRNA_tdbR00000520-Aedes_albopictus-7160-Ini-CAU,AAAAAGAUAAGCUAAUUAAGCUAUUGGGUUCAUACCCCACUUAUAAAGGUAAUAAUCCUUUUCUUUUUACCA,(((((((..((((.....))))(.((((.......)))).)...(((((.......))))))))))))....,"[[1, 68], [2, 67], [3, 66], [4, 65], [5, 64], [6, 63], [7, 62], [10, 22], [11, 21], [12, 20], [13, 19], [23, 41], [25, 39], [26, 38], [27, 37], [28, 36], [45, 61], [46, 60], [47, 59], [48, 58], [49, 57]]",72,tRNA
tRNA_tdbR00000379-Enterobacteria_phage_T4-10665-Ser-NGA,GGAGGCGUGGCAGAGUGGUUUAAUGCACCGGUCUUGAAAACCGGCAGUCGCUCCGGCGACUCAUAGGUUCAAAUCCUAUCGCCUCCGCCA,(((((((..(((...........))).(((((.......)))))..................(((((.......))))))))))))....,"[[1, 86], [2, 85], [3, 84], [4, 83], [5, 82], [6, 81], [7, 80], [10, 26], [11, 25], [12, 24], [28, 44], [29, 43], [30, 42], [31, 41], [32, 40], [63, 79], [64, 78], [65, 77], [66, 76], [67, 75]]",90,tRNA
tRNA_tdbR00000310-Enterobacteria_phage_T5-10726-Pro-UGG,CUCCGAUUAGCUCAAUUGGCUAGAGUACACCGUUUGGGGCGGUGGGGUUGAAGGUUCGAGUCCUUCAUUGGAGACCA,(((((((..((((.........)))).(((((.......))))).....(((((.......))))))))))))....,"[[1, 73], [2, 72], [3, 71], [4, 70], [5, 69], [6, 68], [7, 67], [10, 26], [11, 25], [12, 24], [13, 23], [28, 44], [29, 43], [30, 42], [31, 41], [32, 40], [50, 66], [51, 65], [52, 64], [53, 63], [54, 62]]",77,tRNA
srp_Coxi.burn._AE016828,GAACCCCGCCAGGCCCGGAAGGGAGCAACGGUAGUAGUAUAAUUGUGUGCCGGGGUGUGGCUGG,.....(((.....(((....))).....))).................................,"[[6, 31], [7, 30], [8, 29], [14, 23], [15, 22], [16, 21]]",64,srp
tRNA_tdbR00000227-Geobacillus_stearothermophilus-1422-Leu-BAA,GCCGAUGUGGCGGAAUUGGCAGACGCGCACGACUCAAAAUCGUGUGGGCUUUGCCCGUGUGGGUUCGACUCCCACCAUCGGCACCA,(((((((..(((...........)))((((((.......)))))).............(((((.......))))))))))))....,"[[1, 82], [2, 81], [3, 80], [4, 79], [5, 78], [6, 77], [7, 76], [10, 26], [11, 25], [12, 24], [27, 45], [28, 44], [29, 43], [30, 42], [31, 41], [32, 40], [59, 75], [60, 74], [61, 73], [62, 72], [63, 71]]",86,tRNA
tRNA_tdbR00000237-Saccharomyces_cerevisiae-4932-Leu-AA,GCUAUUUUGGUGGAAUUGGUAGACACGAUACUCUUAAGAUGUAUUACUUUACAGUAUGAAGGUUCAAGUCCUUUAAAUAGCACCA,(((((((..(((...........)))(((((.........)))))............(((((.......))))))))))))....,"[[1, 81], [2, 80], [3, 79], [4, 78], [5, 77], [6, 76], [7, 75], [10, 26], [11, 25], [12, 24], [27, 45], [28, 44], [29, 43], [30, 42], [31, 41], [58, 74], [59, 73], [60, 72], [61, 71], [62, 70]]",85,tRNA
tRNA_tdbR00000360-Codium_fragile-3133-Arg-ICG,GGGUAUAUAACUCAGUGGAUUAGAGUUUAUGGCUACGAACCAUAAAGUCGGGGGUUCGAAUCCCUCUAUACUCACCA,(((((((..((((.........))))((((((.......))))))....(((((.......))))))))))))....,"[[1, 73], [2, 72], [3, 71], [4, 70], [5, 69], [6, 68], [7, 67], [10, 26], [11, 25], [12, 24], [13, 23], [27, 45], [28, 44], [29, 43], [30, 42], [31, 41], [32, 40], [50, 66], [51, 65], [52, 64], [53, 63], [54, 62]]",77,tRNA
tRNA_tdbR00000622-Nicotiana_rustica-4093-Cys-GCA,GGCGACAUGGCCGAGUGGUAAGGCAGAGGACUGCAAAUCCUUUUUUCCCCAGUUCAAAUCCGGGUGUCGCCUCCA,(((((((..(((.........))).(((((.......))))).....(((.(.......).))))))))))....,"[[1, 71], [2, 70], [3, 69], [4, 68], [5, 67], [6, 66], [7, 65], [10, 24], [11, 23], [12, 22], [26, 42], [27, 41], [28, 40], [29, 39], [30, 38], [48, 64], [49, 63], [50, 62], [52, 60]]",75,tRNA
srp_Lact.lact._AE006305,GGAGCAAUAAGUUUCUUACGAAGCGUGUCAGGACCUGACGGUAGCAGCACUAAGUAUGGAGCUUAUGUGCUCUUUUU,((((((.((((((.(.(((.....((((....(((....)))....))))...))).).))))))))..))))....,"[[1, 73], [2, 72], [3, 71], [4, 70], [5, 67], [6, 66], [8, 65], [9, 64], [10, 63], [11, 62], [12, 61], [13, 60], [15, 58], [17, 56], [18, 55], [19, 54], [25, 50], [26, 49], [27, 48], [28, 47], [33, 42], [34, 41], [35, 40]]",77,srp
tRNA_tdbR00000357-Escherichia_coli-562-Arg-CU,GUCCUCUUAGUUAAAUGGAUAUAACGAGCCCCUUCUAAGGGCUAAUUGCAGGUUCGAUUCCUGCAGGGGACACCA,(((((((..((((........)))).(((((.......)))))....(((((.......))))))))))))....,"[[1, 71], [2, 70], [3, 69], [4, 68], [5, 67], [6, 66], [7, 65], [10, 25], [11, 24], [12, 23], [13, 22], [27, 43], [28, 42], [29, 41], [30, 40], [31, 39], [48, 64], [49, 63], [50, 62], [51, 61], [52, 60]]",75,tRNA
tRNA_tdbR00000312-Haloferax_volcanii-2246-Pro-GGG,GGGACCGUGGGGUAGUGGUAUCCUCUGCCGAUGGGGUCGGUAGGACCUGAGUUCGACUCUCAGCGGUCCCACCA,(((((((..(((.........)))((((((.......))))))...(((((.......))))))))))))....,"[[1, 70], [2, 69], [3, 68], [4, 67], [5, 66], [6, 65], [7, 64], [10, 24], [11, 23], [12, 22], [25, 43], [26, 42], [27, 41], [28, 40], [29, 39], [30, 38], [47, 63], [48, 62], [49, 61], [50, 60], [51, 59]]",74,tRNA
tRNA_tdbR00000593-Ascaris_suum-6253-Trp-CA,ACAGAUUUAAGUUAAGUUUAAACUCUUGGUUUUCAAAACCAAAAAUUUUACUCUGUACCA,(((((.(..((((.......)))).(((((.......))))).......).)))))....,"[[1, 56], [2, 55], [3, 54], [4, 53], [5, 52], [7, 50], [10, 24], [11, 23], [12, 22], [13, 21], [26, 42], [27, 41], [28, 40], [29, 39], [30, 38]]",60,tRNA
5s_Candidatus-Phytoplasma-asteris-1,CUUGGUGCAUAAAACUAAGGGGCAACACCUGUUCCCAUCCCGAACACAGCAGUUAAGUCCUUAGUACUGACAAUAGUUCUUUAUUGAGCGAAGAUAGGGAGUGCCAAGG,((((((.......((((((((.....((((((.............))))..))....)))))))).((.(.....((((......)))).....).))....)))))).,"[[1, 108], [2, 107], [3, 106], [4, 105], [5, 104], [6, 103], [14, 65], [15, 64], [16, 63], [17, 62], [18, 61], [19, 60], [20, 59], [21, 58], [27, 53], [28, 52], [29, 49], [30, 48], [31, 47], [32, 46], [67, 98], [68, 97], [70, 95], [76, 89], [77, 88], [78, 87], [79, 86]]",109,5s
tRNA_tdbR00000609-Chlamydomonas_reinhardtii-3055-Leu-UA7,GCCUUCGUGAUCGGAAUGGUAGAGAUCCUGGUCUUAGGAACCAGCUGCUGAAAGGCGGCGGUUCAAAUCCGCCCGAAGGCACCA,(((((((..(((...........))).(((((.......)))))............(((((.......))))))))))))....,"[[1, 80], [2, 79], [3, 78], [4, 77], [5, 76], [6, 75], [7, 74], [10, 26], [11, 25], [12, 24], [28, 44], [29, 43], [30, 42], [31, 41], [32, 40], [57, 73], [58, 72], [59, 71], [60, 70], [61, 69]]",84,tRNA
tRNA_tdbR00000217-Mycoplasma_capricolum-2095-Leu-AA,CCCCAAGUGGCGGAAUAGGUAGACGCAUUGGACUUAAAAUCCAACGGGCUUAAUAUCCUGUGCCGGUUCAAGUCCGGCCUUGGGGACCA,(((((((..(((...........))).(((((.......))))).................(((((.......))))))))))))....,"[[1, 85], [2, 84], [3, 83], [4, 82], [5, 81], [6, 80], [7, 79], [10, 26], [11, 25], [12, 24], [28, 44], [29, 43], [30, 42], [31, 41], [32, 40], [62, 78], [63, 77], [64, 76], [65, 75], [66, 74]]",89,tRNA
5s_Schizochytrium-aggregatum-1,ACAGCCGUUCAUACCACACGGAGAAUACCGGAUCUCGUUCGAACUCCGCAGUCAAGCCGUGUCGGGCGUGCUCAGUACUACCAUAGGGGACUGGGUGGGAAGCGUGCGUGACGGCUGUU,(((((((((....((((((((.....((((((............))))..))....)))))).)).(((((......(((((.(((....)))))))).....))))).))))))))).,"[[1, 118], [2, 117], [3, 116], [4, 115], [5, 114], [6, 113], [7, 112], [8, 111], [9, 110], [14, 65], [15, 64], [16, 62], [17, 61], [18, 60], [19, 59], [20, 58], [21, 57], [27, 52], [28, 51], [29, 48], [30, 47], [31, 46], [32, 45], [67, 108], [68, 107], [69, 106], [70, 105], [71, 104], [78, 98], [79, 97], [80, 96], [81, 95], [82, 94], [84, 93], [85, 92], [86, 91]]",119,5s
tRNA_tdbR00000127-Halocynthia_roretzi-7729-Gly-UCU,GCUGUGUUAGUAUAAAGUAAUAUAUGUGAUUUCUAAUCAUGGGAUCCUUUAGGGACGUAGUACCA,(((((((..((((......)))).(((((.......)))))...((((..)))))))))))....,"[[1, 61], [2, 60], [3, 59], [4, 58], [5, 57], [6, 56], [7, 55], [10, 23], [11, 22], [12, 21], [13, 20], [25, 41], [26, 40], [27, 39], [28, 38], [29, 37], [45, 54], [46, 53], [47, 52], [48, 51]]",65,tRNA
tRNA_tdbR00000550-Neurospora_crassa-5141-Tyr-GUA,AGGAGGGUUCCGUUUGUUGGUAUGACGGGUUAAGCUGUAAACUUAAUGACUAAUUAGUCGUCGAAGGUUCAAUUCCUUUCUCUCCUACCA,(((((((..((((...........))))((((((.......))))))...............(((((.......))))))))))))....,"[[1, 86], [2, 85], [3, 84], [4, 83], [5, 82], [6, 81], [7, 80], [10, 28], [11, 27], [12, 26], [13, 25], [29, 47], [30, 46], [31, 45], [32, 44], [33, 43], [34, 42], [63, 79], [64, 78], [65, 77], [66, 76], [67, 75]]",90,tRNA
srp_Schi.pomb._AU010514,AAACAAUGCACAUCACUACCGGGUCUUGGGCAGUGCGAUAGCGAUGGGAUUCACCUUCGCAGGAUGUGCAUGGAAGUAUAAACACAACGGUCGUU,...............................................................................................,[],95,srp
srp_Meso.viri._AF166114,GCCCAUAGAGGAGGAUCUUCAACGUUUUGAAGAUGUGUCAGGACUGAAAAGAAGCAGCACGCAAAACGCUUCGAAGUCGCCCCCAUUCUAUGGGUGCCGUACC,((((((((((..((...((.((.((.((.....(((((.....((....)).....)))))...)).)))).)).......))..))))))))))........,"[[1, 95], [2, 94], [3, 93], [4, 92], [5, 91], [6, 90], [7, 89], [8, 88], [9, 87], [10, 86], [13, 83], [14, 82], [18, 74], [19, 73], [21, 71], [22, 70], [24, 69], [25, 68], [27, 66], [28, 65], [34, 61], [35, 60], [36, 59], [37, 58], [38, 57], [44, 51], [45, 50]]",103,srp
tRNA_tdbR00000575-Leishmania_tarentolae-5689-Thr-CGU,GGCCGCUUAGCACAGUGGCAGUGCACCACUCUCGUAAAGUGGGGGUCGCGAGUUCGAUUCUCGCAGUGGCCU,(((((((..((((.......)))).(((((.......))))).....(((((.......)))))))))))).,"[[1, 71], [2, 70], [3, 69], [4, 68], [5, 67], [6, 66], [7, 65], [10, 24], [11, 23], [12, 22], [13, 21], [26, 42], [27, 41], [28, 40], [29, 39], [30, 38], [48, 64], [49, 63], [50, 62], [51, 61], [52, 60]]",72,tRNA
tRNA_tdbR00000020-Escherichia_coli-562-Cys-GCA,GGCGCGUUAACAAAGCGGUUAUGUAGCGGAUUGCAAAUCCGUCUAGUCCGGUUCGACUCCGGAACGCGCCUCCA,(((((((..(((.........))).(((((.......)))))....(((((.......))))))))))))....,"[[1, 70], [2, 69], [3, 68], [4, 67], [5, 66], [6, 65], [7, 64], [10, 24], [11, 23], [12, 22], [26, 42], [27, 41], [28, 40], [29, 39], [30, 38], [47, 63], [48, 62], [49, 61], [50, 60], [51, 59]]",74,tRNA
tRNA_tdbR00000364-Ascaris_suum-6253-Arg-ACG,GGACGUUAAAUAGAUAAGCUAUGCCUAGUUACGGGCUGGGAAGAGAGUCGUCUUCCA,(((((.(..((((.....)))).(((((.......)))))......).)))))....,"[[1, 53], [2, 52], [3, 51], [4, 50], [5, 49], [7, 47], [10, 22], [11, 21], [12, 20], [13, 19], [24, 40], [25, 39], [26, 38], [27, 37], [28, 36]]",57,tRNA
srp_Anab.vari._CP000117,AAGCCUGGGCCCGUGCGGCUCGGACGCCCGAACCGUGUCAGGACCUGACGGUAGCAGCACUAAGGGAUGCUCUGGGCAGGCGCGUGGUUCCGGGUUUUUUC,((.((..(.(.(((((.((((((((((((.....((((....(((....)))....))))...))).)).)))))))..))))).)..)..)).)).....,"[[1, 96], [2, 95], [4, 93], [5, 92], [8, 89], [10, 86], [12, 84], [13, 83], [14, 82], [15, 81], [16, 80], [18, 77], [19, 76], [20, 75], [21, 74], [22, 73], [23, 72], [24, 71], [25, 69], [26, 68], [27, 66], [28, 65], [29, 64], [35, 60], [36, 59], [37, 58], [38, 57], [43, 52], [44, 51], [45, 50]]",101,srp
5s_Thermomicrobium-roseum-1,CGUGCGCGUGGCCGAGAGCGGUGUGGCAACACCCCGCUCCAUCCCGAACCGGGUCGUGCCCCACACCAGCGCCGGAGAGUACUGCGCGGGCAACCGCGUGGGAGGCGAGGCCGCUCGCGCGCACGGU,.((((....((......((((((((.....((((((.............))))..))....)))))).)).((...(....((((((((....))))))))....)..))...))...)))).....,"[[2, 122], [3, 121], [4, 120], [5, 119], [10, 115], [11, 114], [18, 70], [19, 69], [20, 67], [21, 66], [22, 65], [23, 64], [24, 63], [25, 62], [31, 57], [32, 56], [33, 53], [34, 52], [35, 51], [36, 50], [72, 110], [73, 109], [77, 106], [82, 101], [83, 100], [84, 99], [85, 98], [86, 97], [87, 96], [88, 95], [89, 94]]",127,5s
srp_Para.symb._BX908798,AACCGGGGACCUCAUGGAAUAAAUUAGUUCGAACCAGGUCAGGACAGGAAUGUAGCAGCCUUAAGAAUCAUACUUAUGCCUUGAGAUAAUCUCCGGUUUUUU,(((((((((.((((..(.((((.((.((((.....((((....(((....)))....))))...)))).).).)))).)..))))....)))))))))....,"[[1, 98], [2, 97], [3, 96], [4, 95], [5, 94], [6, 93], [7, 92], [8, 91], [9, 90], [11, 85], [12, 84], [13, 83], [14, 82], [17, 79], [19, 77], [20, 76], [21, 75], [22, 74], [24, 72], [25, 70], [27, 68], [28, 67], [29, 66], [30, 65], [36, 61], [37, 60], [38, 59], [39, 58], [44, 53], [45, 52], [46, 51]]",102,srp
tRNA_tdbR00000395-Saccharomyces_cerevisiae-4932-Ser-GCU,GGAAAAUUAACUAUAGGUAAAGUGGAUUAUUUGCUAAGUAAUUGAAUUGUAAAUUCUUAUGAGUUCGAAUCUCAUAUUUUCCGCCA,(((((((..(((........))).((((((.......))))))...............(((((.......))))))))))))....,"[[1, 82], [2, 81], [3, 80], [4, 79], [5, 78], [6, 77], [7, 76], [10, 23], [11, 22], [12, 21], [25, 43], [26, 42], [27, 41], [28, 40], [29, 39], [30, 38], [59, 75], [60, 74], [61, 73], [62, 72], [63, 71]]",86,tRNA
tRNA_tdbR00000594-Ascaris_suum-6253-Leu-AA,GUUGUUAUAGCAUAAGAAGUGCAUUUGUUUUAAGCGUAAAAGAUAUGGGACAACUCCA,((((((...((((.....)))).(((((.......)))))........))))))....,"[[1, 54], [2, 53], [3, 52], [4, 51], [5, 50], [6, 49], [10, 22], [11, 21], [12, 20], [13, 19], [24, 40], [25, 39], [26, 38], [27, 37], [28, 36]]",58,tRNA
tRNA_tdbR00000190-Bos_taurus-9913-Lys-NUU,CACUAAGAAGCUAUAUAGCACUAACCUUUUAAGUUAGAGAUUGAGAGCCAUAUACUCUCCUUGGUGACCA,(((((((..((((..)))).(((((.......))))).....(((((.......))))))))))))....,"[[1, 66], [2, 65], [3, 64], [4, 63], [5, 62], [6, 61], [7, 60], [10, 19], [11, 18], [12, 17], [13, 16], [21, 37], [22, 36], [23, 35], [24, 34], [25, 33], [43, 59], [44, 58], [45, 57], [46, 56], [47, 55]]",70,tRNA
tRNA_tdbR00000225-Synechococcus_elongatus_PCC_6301-269084-Leu-CAA,GGGCAAGUGGCGGAAUUGGUAGACGCAGCAGACUCAAAAUCUGCCGCUAGCGAUAGUGUGUGGGUUCGAGUCCCACCUUGCCCACCA,(((((((..(((...........))).(((((.......)))))...............(((((.......))))))))))))....,"[[1, 83], [2, 82], [3, 81], [4, 80], [5, 79], [6, 78], [7, 77], [10, 26], [11, 25], [12, 24], [28, 44], [29, 43], [30, 42], [31, 41], [32, 40], [60, 76], [61, 75], [62, 74], [63, 73], [64, 72]]",87,tRNA
tRNA_tdbR00000413-Candida_cylindracea-44322-Ser-GCU,GUUAAUGUGGCCCGAGUGGUUAAGGCGCUUCCCUGCUAAGGAAGUGGGCUCUGCCCGAGCAGGUUCGAAUCCUGUCAUUAACGCCA,(((((((..(((...........)))((((((.......)))))).............(((((.......))))))))))))....,"[[1, 82], [2, 81], [3, 80], [4, 79], [5, 78], [6, 77], [7, 76], [10, 26], [11, 25], [12, 24], [27, 45], [28, 44], [29, 43], [30, 42], [31, 41], [32, 40], [59, 75], [60, 74], [61, 73], [62, 72], [63, 71]]",86,tRNA
tRNA_tdbR00000011-Neurospora_crassa-5141-Ala-UGC,GGGGGUAUAGUAUAAUUGGUAGUACAGCAAUCUUGCUCAUUGCUUGUCAAGGUUCAAAUCCUUGUAUCUCCACCA,(((((((..((((........))))((((((.......))))))...(((((.......))))))))))))....,"[[1, 71], [2, 70], [3, 69], [4, 68], [5, 67], [6, 66], [7, 65], [10, 25], [11, 24], [12, 23], [13, 22], [26, 44], [27, 43], [28, 42], [29, 41], [30, 40], [31, 39], [48, 64], [49, 63], [50, 62], [51, 61], [52, 60]]",75,tRNA
tRNA_tdbR00000365-Aedes_albopictus-7160-Arg-UCG,AAAUAUGAAGCGAUUUAUUGCAAUUAGUUUCGACCUAAUCUUAGGUGAAAUUCACCCAUAUUUUCCA,(((((((..((((....)))).(((((.......)))))....((((.....)))))))))))....,"[[1, 63], [2, 62], [3, 61], [4, 60], [5, 59], [6, 58], [7, 57], [10, 21], [11, 20], [12, 19], [13, 18], [23, 39], [24, 38], [25, 37], [26, 36], [27, 35], [44, 56], [45, 55], [46, 54], [47, 53]]",67,tRNA
tRNA_tdbR00000138-Haloferax_volcanii-2246-His-GUG,GUCCGGGUUGGGGUAGUGGACUAUCCUUCAGCCUUGUGGAGGCUGAGACGCGGGUUCAAUUCUCGCACCUGGACCCA,.(((((((..(((...........)))((((((.......))))))...(((((.......))))))))))))....,"[[2, 73], [3, 72], [4, 71], [5, 70], [6, 69], [7, 68], [8, 67], [11, 27], [12, 26], [13, 25], [28, 46], [29, 45], [30, 44], [31, 43], [32, 42], [33, 41], [50, 66], [51, 65], [52, 64], [53, 63], [54, 62]]",77,tRNA
srp_Pich.stip._CP000502,AAUCAGUCUGUUACAUUCUAGCAAUGAGUAGCACCAUCACUGGAGGGAAGCAAUUCAGCACAGUAUGUUACCCGUGGUGGAGGCGAAACGGACGGCAC,.....................(...).((((((.....((((....(((....)))....)))).))))))...........................,"[[22, 26], [28, 71], [29, 70], [30, 69], [31, 68], [32, 67], [33, 66], [39, 64], [40, 63], [41, 62], [42, 61], [47, 56], [48, 55], [49, 54]]",98,srp
tRNA_tdbR00000551-Saccharomyces_cerevisiae-4932-Tyr-GUA,GGAGGGAUUUUCAAUGUUGGUAGUUGGAGUUGAGCUGUAAACUCAAUGACUUAGGUCUUCAUAGGUUCAAUUCCUAUUCCCUUCACCA,(((((((..((((...........))))((((((.......)))))).............(((((.......))))))))))))....,"[[1, 84], [2, 83], [3, 82], [4, 81], [5, 80], [6, 79], [7, 78], [10, 28], [11, 27], [12, 26], [13, 25], [29, 47], [30, 46], [31, 45], [32, 44], [33, 43], [34, 42], [61, 77], [62, 76], [63, 75], [64, 74], [65, 73]]",88,tRNA
srp_Gynu.aura._SDB-109565,ACCGGGCUUGGCAACGCUUGCCUAUAACUCAAGUGAGGGUAAGAAAAAGGGUUGGAAUUGAAAGGG,(((((((..(......)..))))....((((..)))))))..........................,"[[1, 40], [2, 39], [3, 38], [4, 23], [5, 22], [6, 21], [7, 20], [10, 17], [28, 37], [29, 36], [30, 35], [31, 34]]",66,srp
tRNA_tdbR00000019-Mycoplasma_capricolum-2095-Cys-GCA,GGCAACAUGGCCAAGCGGCUAAGGCAUGGGUCUGCAACACCCUGAUCAUCGGUUCGAAUCCGAUUGUUGCCUCCA,(((((((..(((..........)))..((((.......)))).....(((((.......))))))))))))....,"[[1, 71], [2, 70], [3, 69], [4, 68], [5, 67], [6, 66], [7, 65], [10, 25], [11, 24], [12, 23], [28, 42], [29, 41], [30, 40], [31, 39], [48, 64], [49, 63], [50, 62], [51, 61], [52, 60]]",75,tRNA
tRNA_tdbR00000400-Loligo_bleekeri-6617-Ser-7CU,AAAGGUAAUUAGGAAUAAAAUAAAGCUGCUAACUUUAUUUUGAGCAACUCAAAACUGUUCUACCUUUUCCA,(((((((..(..(..)..).(((((.......)))))......(.(...........).))))))))....,"[[1, 67], [2, 66], [3, 65], [4, 64], [5, 63], [6, 62], [7, 61], [10, 19], [13, 16], [21, 37], [22, 36], [23, 35], [24, 34], [25, 33], [44, 60], [46, 58]]",71,tRNA
tRNA_tdbR00000440-Neurospora_crassa-5141-Thr-UGU,GCCUGGUUAGCAUAAAAGUAAUGCAAUUGUUUUGUAAUCAAUAGAAGCAAGUGCGAUACUUGCACUGGGCUCCA,(((((((..((((.......)))).((((.........))))....(((((.......))))))))))))....,"[[1, 70], [2, 69], [3, 68], [4, 67], [5, 66], [6, 65], [7, 64], [10, 24], [11, 23], [12, 22], [13, 21], [26, 42], [27, 41], [28, 40], [29, 39], [47, 63], [48, 62], [49, 61], [50, 60], [51, 59]]",74,tRNA
